title,description,employer,link,tags,source,date,locations
استخدام مدیر فروش,"ارتباط موثر با خریداران جهت افزایش رضایتمندی
آنالیز نقاط قوت و ضعف فرآیند واحد و ارائه پیشنهادات سازنده
برنامه ریزی عملیاتی، سازماندهی، تجزیه و تحلیل بازار و نظارت بر عملکرد واحد
برنامه ریزی و بازدید دوره ای از خریداران کل کشور و ثبت نتایج در سامانه هوشمند
تحلیل عملکرد تیم فروش و خریداران
تهیه و تحلیل گزارشات موردی، دوره ای و نتایج از عملکرد واحد و ارسال به مافوق
تهیه و تدوین استراتژی خلاقانه و تأثیرگذار بر مخاطبین بازار به منظور توسعه سهم بازار
تهیه و تدوین اهداف سالیانه و تحلیل نتایج واحد
حصول اطمینان از اجرای برنامه های آموزشی کارکنان واحد
شناسایی پتانسیل‌های فروش و پیشنهاد فرصت‌های تجاری جدید
مدیریت و نظارت بر کلیه امور فروش
مستند سازی عمليات، اطلاعات و فعاليت‌ها و ارائه آن ها در قالب الگوی گزارش کار مصوب
مشاركت در تهیه و تدوین بودجه ساليانه شرکت (در صورت نیاز)
مشارکت در پياده سازی نظام كيفي و رفع مشكلات موجود طبق ضوابط تعیین شده
طراحی فرآیندهای پیشگیرانه بمنظور کاهش اشتباهات و تأثیر منفی در عملکرد واحد
مشارکت در تهیه و تدوین بودجه سالیانه واحد مارکتینگ (در صورت نیاز)
مصاحبه تخصصی با داوطلبین واحد فروش جهت استخدام
نظارت برتایید فاکتور های فروش ثبت شده از خریداران در سامانه جامع تجارت ایران
هدایت، آموزش و ایجاد انگیزه در واحد فروش جهت تحقق اهداف، حفظ و ارتقای خریداران
تهیه و تحلیل نقاط قوت و ضعف اشتراتژی رقبا در بازار و انجام تحلیل‌های SWOT برای تعیین راهبردهای مناسب در مقابل رقبا
حضور مستمر در بازار، تجزیه و تحلیل اطلاعات بمنظور آگاهی از نقاط قوت و ضعف واحد فروش
جلسه در کارخانه هر 45 روز واقع در شهر صنعتی هشتگرد (استان البرز)",ویستابست,https://karboom.io/jobs/reobpv/%D9%85%D8%AF%DB%8C%D8%B1-%D9%81%D8%B1%D9%88%D8%B4,,karboom,فوری,تهران
استخدام مسئول خدمات فنی,"اخذ پیشنهادات و انتقادات احتمالی خریداران و ثبت نتایج در سامانه هوشمند
ارتباط موثر با خریداران جهت افزایش رضایتمندی
اسکن، آرشیو فنی و الکترونیکی مدارک مرتبط
آنالیز نقاط قوت و ضعف فرآیند واحد و ارائه پیشنهادات سازنده
بازدید اولیه فنی از متقاضیان همکاری و ثبت نتایج در سامانه هوشمند
بررسي شكايات متقاضیان، تفكيك و تحلیل براساس نوع اعلام شده و پيگيري تا رفع
برنامه ریزی و اجرای دوره های آموزشی برای خریداران در زمینه الزامات فنی تولید و نصب در و پنجره
برنامه ریزی و بازدید از نمايشگاه هاي منتخب با هماهنگی مافوق و ثبت نتایج در سامانه هوشمند
برنامه ریزی، بازدید دوره ای و گریدبندی خریداران کل کشور و ثبت نتایج در سامانه هوشمند
تهیه و تحلیل گزارشات موردی، دوره ای و نتایج از عملکرد واحد و ارسال به مافوق
راهنمایي خریداران و متقاضیان در انتخاب محصول از نظر مشخصات فني
شناسایی حساسيت ها، تجزیه و تحلیل بازار
شناسایی، تحلیل و خلق بازارهای جدید برای محصولات شرکت
کنترل و حصول اطمینان از اجرای تمامی امور تحت تصدی مطابق مقررات و روش های مصوب شرکت
مذاكره با خریداران، دریافت نظرات در رابطه با خدمات فنی فروش و تهیه گزارش برای برنامه‌ريزي آتی
مستند سازی عمليات، اطلاعات و فعاليت‌ها و ارائه آن ها در قالب الگوی گزارش کار مصوب
مشارکت در پياده سازي نظام كيفي و رفع مشكلات موجود طبق ضوابط تعیین شده
مشارکت در تهیه و تدوین بودجه سالیانه واحد مارکتینگ (در صورت نیاز)
هماهنگي با آزمايشگاه شرکت و تبادل اطلاعات و مدارك موردنياز مرتبط با شكايات مشتريان
جلسه با مدیران ذی نفع جهت بررسي انحراف از استاندارد ها و رفع مغايرت",ویستابست,https://karboom.io/jobs/wlxnjy/%D9%85%D8%B3%D8%A6%D9%88%D9%84-%D8%AE%D8%AF%D9%85%D8%A7%D8%AA-%D9%81%D9%86%DB%8C,,karboom,فوری,تهران
استخدام مدرس زبان انگلیسی کودکان و نوجوانان,"محدوده قیطریه
تدریس زبان انگلیسی به کودکان و نوجوانان با روش نوین و متد به روز",آموزشگاه سیحون,https://karboom.io/jobs/wjvzeg/%D9%85%D8%AF%D8%B1%D8%B3-%D8%B2%D8%A8%D8%A7%D9%86-%D8%A7%D9%86%DA%AF%D9%84%DB%8C%D8%B3%DB%8C-%DA%A9%D9%88%D8%AF%DA%A9%D8%A7%D9%86-%D9%88-%D9%86%D9%88%D8%AC%D9%88%D8%A7%D9%86%D8%A7%D9%86,,karboom,فوری,تهران
استخدام مسئول اداری برای آموزشگاهی در قیطریه,"کارمند اداری و منشی آموزشگاه موسیقی و زبان
باهوش و با انگیزه
دارای روابط عمومی بالا
علاقه مند به کار تیمی و پیشرفت
مسلط به کامپیوتر و آفیس",آموزشگاه سیحون,https://karboom.io/jobs/wgxkbl/%D9%85%D8%B3%D8%A6%D9%88%D9%84-%D8%A7%D8%AF%D8%A7%D8%B1%DB%8C-%D8%A8%D8%B1%D8%A7%DB%8C-%D8%A2%D9%85%D9%88%D8%B2%D8%B4%DA%AF%D8%A7%D9%87%DB%8C-%D8%AF%D8%B1-%D9%82%DB%8C%D8%B7%D8%B1%DB%8C%D9%87,,karboom,فوری,تهران
استخدام کارمند فروش و پشتیبانی آموزشگاه,"کارمند اداری و منشی آموزشگاه موسیقی و زبان
باهوش و با انگیزه
دارای روابط عمومی بالا
علاقه‌مند به کار تیمی و پیشرفت
حداقل یک سال سابقه کاری
کار با نرم‌افزار آموزشگاهی
ثبت و انجام کارهای اداری و منشی
ترجیحا محل زندگی شمال تهران
مسلط به کامپیوتر و آفیس",آموزشگاه سیحون,https://karboom.io/jobs/raeljg/%DA%A9%D8%A7%D8%B1%D9%85%D9%86%D8%AF-%D9%81%D8%B1%D9%88%D8%B4-%D9%88-%D9%BE%D8%B4%D8%AA%DB%8C%D8%A8%D8%A7%D9%86%DB%8C-%D8%A2%D9%85%D9%88%D8%B2%D8%B4%DA%AF%D8%A7%D9%87,,karboom,فوری,تهران
استخدام سوپروایزر زبان انگلیسی در محدوده شمال تهران ( قیطریه ),سوپروایزر مسلط به زبان انگلیسی (جهت انجام اموری اداری).دارای حداقل 2 سال سابقه تدریس در موسسات زبان.دارای تجربه تدریس سطوح پیشرفته زبان انگلیسی.ترجیحاً دارای تحصیلات دانشگاهی مرتبط با زبان.داشتن مدرک رسمی یا ماک آیلتس امتیاز محسوب میشود.داشتن مدرک TTC و یا سایر مدارک بین المللی زبان انگلیسی امتیاز محسوب میشود.داشتن سابقه سوپروایزری در موسسات زبان امتیاز ویژه محسوب میشود.داشتن سابقه تحصیل یا زندگی در کشورهای انگلیسی زبان امتیاز محسوب میشود.دارای روابط عمومی بالا و خوش برخورد.خلاق، فعال و دارای انگیزه پیشرفت با روحیه کار تیمی.حداقل28 سال و حداکثر 40 سال سن.به صورت پاره وقت,آموزشگاه سیحون,https://karboom.io/jobs/rjndze/%D8%B3%D9%88%D9%BE%D8%B1%D9%88%D8%A7%DB%8C%D8%B2%D8%B1-%D8%B2%D8%A8%D8%A7%D9%86-%D8%A7%D9%86%DA%AF%D9%84%DB%8C%D8%B3%DB%8C-%D8%AF%D8%B1-%D9%85%D8%AD%D8%AF%D9%88%D8%AF%D9%87-%D8%B4%D9%85%D8%A7%D9%84-%D8%AA%D9%87%D8%B1%D8%A7%D9%86-%D9%82%DB%8C%D8%B7%D8%B1%DB%8C%D9%87,,karboom,فوری,تهران
استخدام کارشناس حسابداری مالی,"ثبت اسناد مالی و خزانه
تهیه گزارشات مالی
کمک در تهیه صورتهای مالی
....",آیسان تکنام پویا,https://karboom.io/jobs/wlxegp/%DA%A9%D8%A7%D8%B1%D8%B4%D9%86%D8%A7%D8%B3-%D8%AD%D8%B3%D8%A7%D8%A8%D8%AF%D8%A7%D8%B1%DB%8C-%D9%85%D8%A7%D9%84%DB%8C,,karboom,فوری,تهران
استخدام سرپرست/مدیر فروش شعبه شرق مازندران,"انجام امور جاری و عملیاتی فروش و توزیع دفتر فروش

انجام عملیات فروش در قالب قرارداد هیبرید


مدیریت تیم فروش


مشارکت در جذب و ساماندهی تیم فروش


تهیه گزارشات فروش و توزیع و ارائه به مدیریت


کنترل هزینه های شعبه در چارچوب سیاست گذاری اولیه


اجرای برنامه های فروش شعبه


تعامل سازنده با نماینده فروش",آیسان تکنام پویا,https://karboom.io/jobs/rlxkel/%D8%B3%D8%B1%D9%BE%D8%B1%D8%B3%D8%AA-%D9%85%D8%AF%DB%8C%D8%B1-%D9%81%D8%B1%D9%88%D8%B4-%D8%B4%D8%B9%D8%A8%D9%87-%D8%B4%D8%B1%D9%82-%D9%85%D8%A7%D8%B2%D9%86%D8%AF%D8%B1%D8%A7%D9%86,,karboom,فوری,ساری
استخدام کارشناس تولید محتوا و دیجیتال مارکتینگ,"* تولید محتوا برای اینستاگرام، لینکدین و وبسایت
* بارگذاری پست ها و پاسخ به دایرکت ها
* تدوین تقویم محتوایی با توجه به استراتژی های موجود
* استخراج و تحلیل گزارش ها
* کپشن نویسی و کپی رایتتینگ
* * * توانایی تولید موشن و ادیت ویدئو مزیت محسوب می شود",آیسان تکنام پویا,https://karboom.io/jobs/raebqd/%DA%A9%D8%A7%D8%B1%D8%B4%D9%86%D8%A7%D8%B3-%D8%AA%D9%88%D9%84%DB%8C%D8%AF-%D9%85%D8%AD%D8%AA%D9%88%D8%A7-%D9%88-%D8%AF%DB%8C%D8%AC%DB%8C%D8%AA%D8%A7%D9%84-%D9%85%D8%A7%D8%B1%DA%A9%D8%AA%DB%8C%D9%86%DA%AF,,karboom,فوری,تهران
استخدام کارشناس حسابداری فروش,"ثبت اسناد فروش و پخش بر اساس فاکتورهای صادره
تعیین میزان بدهی مشتریان و کنترل اعتبار مشتریان
انجام امور خزانه داری شعبه
پیگیری مطالبات شعبه
تهیه گزارشات فروش و حسابداری شعبه
مغایرت گیری حسابهای مشتریان
انجام امور اداری شعبه",آیسان تکنام پویا,https://karboom.io/jobs/wxxmne/%DA%A9%D8%A7%D8%B1%D8%B4%D9%86%D8%A7%D8%B3-%D8%AD%D8%B3%D8%A7%D8%A8%D8%AF%D8%A7%D8%B1%DB%8C-%D9%81%D8%B1%D9%88%D8%B4,,karboom,فوری,آمل
استخدام حسابدار حقوق و دستمزد,"دریافت اطلاعات کارکرد ماهیانه پرسنل از واحد اداری و ورود اطلاعات
تهیه وتنظیم لیست حقوق و ارسال به خزانه جهت واریز حقوق
محاسبات حقوق و دستمزد پرسنل بر اساس حکم های کارگزینی و محاسبات کسورات مانند حق بیمه،مالیات،وام و مساعده و…پرسنل و حقوق معوق براساس مدارک مثبته موجود
محاسبه و پرداخت اضافات حقوق مانند حق ماموریت،اضافه کارطبق لیست ارسالی از واحدها
کنترل انتقال اطلاعات احکام پرسنل تحت پوشش به سیستم حقوق و دستمزدودریافت و کنترل لیستهای کسورات قابل اعمال درمحاسبات حقوق ماهیانه پرسنل شرکت
کنترل در انجام محاسبات نهایی وتائید لیستهای ماهیانه حقوق
هماهنگی با واحد خزانه جهت ارائه بموقع اطلاعات پرداخت حقوق
هماهنگی و تحویل دیسکت بانک و اخذ رسید براساس آیین نامه داخلی شرکت",مهندسی اندیشه سبز تازه,https://karboom.io/jobs/rxbypj/%D8%AD%D8%B3%D8%A7%D8%A8%D8%AF%D8%A7%D8%B1-%D8%AD%D9%82%D9%88%D9%82-%D9%88-%D8%AF%D8%B3%D8%AA%D9%85%D8%B2%D8%AF,,karboom,فوری,تهران
استخدام کارشناس برنامه ریزی فروش,"تهیه و بروز رسانی گزارشات فروش سازمان
تعامل با تیم های فروش در اعلام هدف های فروش
تخصیص سبد محصولات بین لاین های مختلف فروش
کنترل موجودی انبار و سفارش گذاری های لازم
تعامل با تامین کنندگان به منظور تامین اهداف گروه کالایی ها
تعامل با تیم توزیع در خصوص بهبود عملیات فروش و توزیع",آیسان تکنام پویا,https://karboom.io/jobs/rlxbjl/%DA%A9%D8%A7%D8%B1%D8%B4%D9%86%D8%A7%D8%B3-%D8%A8%D8%B1%D9%86%D8%A7%D9%85%D9%87-%D8%B1%DB%8C%D8%B2%DB%8C-%D9%81%D8%B1%D9%88%D8%B4,,karboom,فوری,تهران
استخدام کارشناس بازاریابی و فروش (کشتیرانی و حمل و نقل بین المللی),"شرح شغل و وظایف



شناسایی و مذاکره با شرکت‌های بازرگانی، حمل‌ و نقل داخلی و بین‌المللی
شناسایی و مذاکره با مشتریان بلقوه
مذاکره، بازاریابی و فروش تلفنی، حضوری
سایر امور محوله در بخش فروش",دریای آرام آماتیس,https://karboom.io/jobs/waelbg/%DA%A9%D8%A7%D8%B1%D8%B4%D9%86%D8%A7%D8%B3-%D8%A8%D8%A7%D8%B2%D8%A7%D8%B1%DB%8C%D8%A7%D8%A8%DB%8C-%D9%88-%D9%81%D8%B1%D9%88%D8%B4-%DA%A9%D8%B4%D8%AA%DB%8C%D8%B1%D8%A7%D9%86%DB%8C-%D9%88-%D8%AD%D9%85%D9%84-%D9%88-%D9%86%D9%82%D9%84-%D8%A8%DB%8C%D9%86-%D8%A7%D9%84%D9%85%D9%84%D9%84%DB%8C,,karboom,فوری,تهران
استخدام جذب سظوح حرفه ای حسابرسی (کمک حسابرس، حسابرس، حسابرس ارشد),,موسسه حسابرسی آزمون پرداز,https://karboom.io/jobs/wnkzdx/%D8%AC%D8%B0%D8%A8-%D8%B3%D8%B8%D9%88%D8%AD-%D8%AD%D8%B1%D9%81%D9%87-%D8%A7%DB%8C-%D8%AD%D8%B3%D8%A7%D8%A8%D8%B1%D8%B3%DB%8C-%DA%A9%D9%85%DA%A9-%D8%AD%D8%B3%D8%A7%D8%A8%D8%B1%D8%B3-%D8%AD%D8%B3%D8%A7%D8%A8%D8%B1%D8%B3-%D8%AD%D8%B3%D8%A7%D8%A8%D8%B1%D8%B3-%D8%A7%D8%B1%D8%B4%D8%AF,,karboom,فوری,تهران
استخدام کارشناس نصب، راه اندازی، نگهداری و ذخیره سازی,"بررسی نیازها و خواسته‌های مشتریان برای محصولات موجود و ارائه طرح‌های مناسب جهت پاسخ به آن نیازها و خواسته‌ها.
هماهنگی با مشتری جهت نصب محصولات فروخته شده بر اساس سیاست زمانی تعیین شده.
انجام نصب در مورد محصولات و خدمات به فروش رفته بر اساس سیاست تعیین شده در نصب هر محصول به شکل حضوری.
انجام آموزش در محل بر اساس محصول به فروش رفته.
انجام پشتیبانی در مورد محصولات نصب شده بر اساس سیاست تعیین شده برای هر محصول.
انجام پیگیری‌های تلفنی فنی مورد نیاز مشتری و پیگیری تیکت های ثبت شده در سامانه.
پاسخگویی به سوالات کاربران درباره کاربرد نرم‌افزارها و سخت‌افزارهای فروخته شده برای حل مشکلات آن‌ها.
تهیه مواد و فرآیندهای آموزشی و یا آموزش شیوه درست استفاده از نرم‌افزارها و سخت‌افزارها به مشتریان.
بررسی دستورالعمل‌های فنی، مشاوره با کاربران، یا بررسی تجهیزات برای تشخیص و رفع مشکلات یا فراهم نمودن پشتیبانی و کمک فنی.
اجرای دستورالعمل‌ها، سیاست‌ها و رویه‌های تعیین شده.
انجام امور تحقیق و توسعه.",iCTN,https://karboom.io/jobs/wdznbm/%DA%A9%D8%A7%D8%B1%D8%B4%D9%86%D8%A7%D8%B3-%D9%86%D8%B5%D8%A8-%D8%B1%D8%A7%D9%87-%D8%A7%D9%86%D8%AF%D8%A7%D8%B2%DB%8C-%D9%86%DA%AF%D9%87%D8%AF%D8%A7%D8%B1%DB%8C-%D9%88-%D8%B0%D8%AE%DB%8C%D8%B1%D9%87-%D8%B3%D8%A7%D8%B2%DB%8C,,karboom,فوری,تهران
استخدام انباردار-آقا,"محدوده سنی: 25 الی 35 سال
کارت پایان خدمت الزامی می باشد.
مدرک تحصیلی حداقل کاردانی(رشته های مالی)
آشنایی با مفاهیم و فرم ها و اصول انبارداری
تسلط به امور انبارگردانی
آشنا به اصول چینش انبار و الزامات ایمنی انبار
توانایی کنترل و نظارت بر روی کل انبارها و ارائه گزارش موجودی به واحدهای مرتبط
ثبت روزانه و به موقع تمام اسناد ورودی و خروجی به انبار
مسلط به نرم افزار راهکاران سیستم
دقیق، متعهد و مسئولیت پذیر
دارای سلامت جسمانی جهت جا به جایی کالا در انبار
داشتن گواهینامه لیفتراک مزیت محسوب می گردد.


شنبه تا چهارشنبه 8 الی 16:30 پنجشنبه 8 تا 12",شرکت کاغذسازی راشا کاسپین ایرانیان,https://karboom.io/jobs/wdayyz/%D8%A7%D9%86%D8%A8%D8%A7%D8%B1%D8%AF%D8%A7%D8%B1-%D8%A2%D9%82%D8%A7,,karboom,امروز,شیراز
Hiring Wordpress Developer,"Mediana is seeking a skilled WordPress Developer to enhance and scale our rapidly-growing suite of products.Job Description:

Develop custom plugins and themes for WordPress to meet business requirements.
Familiar with WooCommerce ,gravity , whmcs Design and implement high-performance WordPress sites that are secure and scalable.
Handle both backend and frontend development tasks, including using HTML, CSS, JavaScript, and PHP effectively.
Ensure cross-browser compatibility and mobile responsiveness.
Regularly update the website and its plugins to the latest versions while ensuring full compatibility and performance optimization.
Conduct website performance tests and troubleshoot any site issues.
Collaborate with the design and marketing teams to align the website's functionality with organizational goals.
Document development processes, code, and innovations for effective knowledge sharing and future maintenance.",مدیانا,https://karboom.io/jobs/rbavvm/wordpress-developer,,karboom,Today,Tehran
استخدام ترخیصکار,انجام فرآیند ترخیص کالا از گمرکات,هلدینگ بازرگانی و حمل و نقل بین المللی جم,https://karboom.io/jobs/rgaoop/%D8%AA%D8%B1%D8%AE%DB%8C%D8%B5%DA%A9%D8%A7%D8%B1,,karboom,امروز,تهران
استخدام کارشناس عملیات منابع انسانی,"درتیممنابع انسانیگروه آگاهنیاز به فردیبا عنوان کارشناسعملیات داریمتا با انجام وظایف روزانه مربوط به چرخه عمر کارکنان سازمان را برای رسیدن به اهدافش همراهی کند.
مسئولیت‌ها:

دریافت مدارک پرسنلی از نیروهای جدید‌‌ الاستخدام و تشکیل پرونده پرسنلی
به‌ روز رسانی اطلاعات پرسنلی و پرونده آن‌ها
آماده‌سازی قراردادها و کمک به صدور احکام پرسنلی
محاسبه کارکرد ماهانه پرسنل و کمک در محاسبه عیدی، سنوات و پاداش 
پیگیری امور مربوط به بیمه تامین اجتماعی و بیمه تکمیلی همکاران
انجام امور مربوط به خروج همکاران",کارگزاری آگاه,https://karboom.io/jobs/rlxnnk/%DA%A9%D8%A7%D8%B1%D8%B4%D9%86%D8%A7%D8%B3-%D8%B9%D9%85%D9%84%DB%8C%D8%A7%D8%AA-%D9%85%D9%86%D8%A7%D8%A8%D8%B9-%D8%A7%D9%86%D8%B3%D8%A7%D9%86%DB%8C,,karboom,امروز,تهران
استخدام کارشناس فروش,"توانایی متقاعدسازی مشتریان
پیگیری درخواست‌های مشتریان
فروش نرم افزار به همکاران و سازمان ها
بازاریابی و یافتن بازارهای جدید برای محصول
آشنایی با ویندوز و نرم‌افزارهای اداری (از قبیل Excel و Word)
ترجیحا تسلط به کسب و کار IT",دیتامون,https://karboom.io/jobs/ryxlla/%DA%A9%D8%A7%D8%B1%D8%B4%D9%86%D8%A7%D8%B3-%D9%81%D8%B1%D9%88%D8%B4,,karboom,امروز,قزوین
استخدام کارشناس برند,"ما در دپارتمان مارکتینگ کارگزاری آگاه به دنبال فردی با عنوان کارشناس برند هستیم تا در راستای پیاده سازی پروژه‌های برندینگ در کنار ما باشد و سازمان را برای رسیدن به اهدافش همراهی کند.

همکاری در اجرای پژوهش برند و انواع مطالعات مرتبط با برند
همکاری در تدوین اسناد مرتبط با استراتژی برند
تهیه گزارش‌های مرتبط با برند
همکاری در پیش‌برد اسناد و ترویج برند در سازمان
همکاری در نظارت و ردیابی عملکرد برند
همکاری با تیم‌های مختلف در راستای برندسازی سازمان",کارگزاری آگاه,https://karboom.io/jobs/wvjaab/%DA%A9%D8%A7%D8%B1%D8%B4%D9%86%D8%A7%D8%B3-%D8%A8%D8%B1%D9%86%D8%AF,,karboom,امروز,تهران
استخدام طراح گرافیک,"ما در تیم مارکتینگ آگاه نیاز به فردی با عنوان طراح گرافیک داریم تا با طراحی خلاقانه و تولید محتوا متنی و تصویری، سازمان را برای رسیدن به اهدافش همراهی کند.
""‌مسئولیت‌ها:""

طراحی بنر و کاراکترهای سایت.
یکپارچه سازی محتوای تصویری با هویت برند. 
شناخت خوب از برند‌سازی و برندینگ.
توسعه برند، قواعد حاکم بر آن و طراحی برند بوک.
خلق شخصیت و تصویر مرتبط با محتوای مورد نظر.
تولید محتوای تصویری خلاقانه برای کمپین‌های تبلیغاتی، شبکه‌های اجتماعی و ....
تولید محتوای بصری.",کارگزاری آگاه,https://karboom.io/jobs/rdznnb/%D8%B7%D8%B1%D8%A7%D8%AD-%DA%AF%D8%B1%D8%A7%D9%81%DB%8C%DA%A9,,karboom,امروز,تهران
استخدام کارشناس حقوق و دستمزد,"تسلط کامل به سیستم حقوق و دستمزد، ثبت اطلاعات پرسنل، صدور حکم
تسلط کامل به بستن کارکرد ماهیانه پرسنل
محاسبات حقوق و دستمزد پرسنل بر اساس حکم های کارگزینی و محاسبات کسورات مانند حق بیمه، مالیات، وام و مساعده و
محاسبه، و پرداخت اضافات حقوق مانند حق ماموریت، اضافه کار
تنظیم سند حسابداری حقوق و دستمزد ماهیانه
تهیه و تنظیم فیش حقوق پرسنل و تهیه فایل بانک جهت واریز
تسلط کامل در تهیه و تنظیم لیست دارایی
تسلط کامل به تهیه لیست ماهیانه بیمه تامین اجتماعی
کنترل در انجام محاسبات مزایای پایان خدمت کارکنان قراردادی
تسلط کامل به کلیه امور اداری و کارگزینی
انجام سایر امور محوله در حوزه وظایف سازمانی از سوی مقام مافوق",هیتکو,https://karboom.io/jobs/rvjayb/%DA%A9%D8%A7%D8%B1%D8%B4%D9%86%D8%A7%D8%B3-%D8%AD%D9%82%D9%88%D9%82-%D9%88-%D8%AF%D8%B3%D8%AA%D9%85%D8%B2%D8%AF,,karboom,امروز,تهران
استخدام تکنسین برق,"اشراف كامل به مدارات برقی دستگاههاي توليد و توانايي تعمير و رفع اشكال برقی آن تجهیزات
عيب يابي از سنسورهای ابزار دقیق پلنت سولفوناسیون
عيب يابي از الکتروموتورها و سایر تجهیزات دوار در پلنت سولفوناسیون
عیب یابی از مدارهای قدرت پلنت سولفوناسیون
طراحي و تعميرات سيستمهاي برقی و الکتریکی
تسلط بر فرایند راهبری و راه اندازی دستگاه دیزل ژنراتور
تسلط بر نقشه خوانی مدارات برقی واحد سولفوناسیون",صنایع شیمیایی اکسیرآسو,https://karboom.io/jobs/rqmdxn/%D8%AA%DA%A9%D9%86%D8%B3%DB%8C%D9%86-%D8%A8%D8%B1%D9%82,,karboom,امروز,زنجان
Hiring Senior DevOps Engineer,"Mediana seeks a seasoned Senior DevOps Engineer to elevate our expanding product line in a fast-paced tech environment.Job Description:

Work within a team of skilled professionals to plan, deploy, and ensure continuous operation of business-critical applications.
Emphasize team engagement and knowledge sharing to enhance project outcomes. Advocate DevOps Best Practices: Act as a consultant to development teams and broader engineering groups, promoting the adoption of DevOps methodologies.
Aim to reduce manual toil, thereby increasing efficiency and job satisfaction within the team.
Troubleshoot and resolve technical problems promptly by engaging necessary resources. Focus on minimizing impact to customers through quick and efficient issue resolution.
Ensure reliability and availability of applications and services.
Share in the on-call responsibilities, demonstrating readiness to handle and resolve critical issues outside of normal working hours, ensuring system integrity and availability.",مدیانا,https://karboom.io/jobs/rjndnl/senior-devops-engineer,,karboom,Today,Tehran
Hiring Help Desk Specialist,"Mediana is in search of an IT Help Desk Specialist to support and drive improvements across our rapidly expanding product range.Job Description:

Install, upgrade, and troubleshoot computer hardware and software, ensuring optimal workstation performance.
Diagnose and resolve issues related to hardware, software, LAN, and peripheral devices.
Conduct regular maintenance and preventive checks on hardware and server environments to prevent issues.
Manage and respond to customer support tickets efficiently, providing hands-on resolution for technical queries.
Stay updated with the latest system changes and technology updates.
Document technical support activities and generate detailed reports on network support actions.
Provide guidance and support for purchasing computer and network equipment tailored to retail environments.
Engage with users to troubleshoot problems with computers and peripheral devices, ensuring high satisfaction levels.
Continuously follow up with users to confirm that their technical issues are resolved.",مدیانا,https://karboom.io/jobs/raemee/help-desk-specialist,,karboom,Today,Tehran
استخدام کارشناس ارشد برنامه ریزی فروش,"در واحد شعب کارگزاری آگاه نیاز به فردی با عنوان کارشناس ارشد برنامه ریزی فروش محصولات مدیریت دارایی داریم تا با هدف گذاری مناسب و تهیه و تحلیل گزارش‌ها، سازمان را برای رسیدن به اهدافش همراهی کند.مسئولیت‌ها:

تدوین اهداف برای واحدهای فروش و شعب
تدوین و تجزیه و تحلیل گزارشات
آماده سازی زیرساخت‌های لازم جهت تسهیل در مذاکرات فروش مدیران
تدوین برنامه‌های آموزشی و توسعه تیم فروش در حوزه محصولات
هماهنگی با بخش‌های مختلف سازمان برای اطمینان از اجرای یکپارچه طرح‌های فروش
تدوین برنامه‌های آموزشی و توسعه تیم فروش در حوزه محصولات
پیش بینی فروش فصلی و ماهانه
تحلیل و آنالیز روند فروش
طراحی و تدوین برنامه ریزی های فروش موثر برای دستیابی به اهداف
ارائه راهکارهای عملیاتی جهت بهبود عملکرد فروش",کارگزاری آگاه,https://karboom.io/jobs/wpyzgp/%DA%A9%D8%A7%D8%B1%D8%B4%D9%86%D8%A7%D8%B3-%D8%A7%D8%B1%D8%B4%D8%AF-%D8%A8%D8%B1%D9%86%D8%A7%D9%85%D9%87-%D8%B1%DB%8C%D8%B2%DB%8C-%D9%81%D8%B1%D9%88%D8%B4,,karboom,امروز,تهران
استخدام مشتقه,,کارگزاری بورس بیمه ایران,https://karboom.io/jobs/rjnjmo/%D9%85%D8%B4%D8%AA%D9%82%D9%87,,karboom,امروز,تهران
استخدام کارشناس شبکه و امنیت,"بیانیه مأموریت شغل
طراحی، پیاده‌سازی و نگهداری از زیرساخت‌های ارتباطی و امنیتی سیستم‌های کنترل و اتوماسیون صنعتی
نقش‌های تخصصی

پشتیبانی و نگهداری سرویس‌های زیرساختی امنیت و شبکه
استفاده از ابزارهای شبکه و سرویس‌های پایه
شناسایی، تحلیل و رفع مشکلات شبکه
پیکربندی و مدیریت تجهیزات شبکه و امنیت
شناسایی و برطرف‌کردن مشکلات شبکه و امنیت
به‌روزرسانی و ارتقای سخت‌افزاری و نرم‌افزاری شبکه و امنیت
بررسی تکنولوژی‌های جدید صنعت جهت بهبود عملکرد شبکه و امنیت
رسیدگی به درخواست‌های مشتریان
تولید مستندات فنی

سایر شایستگی‌ها

تسلط نسبی به زبان انگلیسی
مهارت حل مسئله
روحیه پرسش‌گری و چالش‌پذیری

علایق و تمایلات شغلی

فعالیت‌های خلاقانه
کار با مفاهیم/اطلاعات
جهت‌دهی/کنترل‌کردن/ برنامه‌ریزی 
فعالیت‌های علمی و فنی",ایریسا,https://karboom.io/jobs/rkydoe/%DA%A9%D8%A7%D8%B1%D8%B4%D9%86%D8%A7%D8%B3-%D8%B4%D8%A8%DA%A9%D9%87-%D9%88-%D8%A7%D9%85%D9%86%DB%8C%D8%AA,,karboom,امروز,اصفهان
استخدام برنامه نویس PLC – DCS,"برنامه نویسی و پیاده سازی سیستم های نرم افزاری سطح 1 اتوماسیون صنعتی

نقش های تخصصی:

طراحی سیستم کنترل صنعتی
برنامه نویسی سیستم های سطح یک اتوماسیون صنعتی (DCS , PLC )
استفاده از نقشه ها، دیاگرام ها، زمان بندی ها، استانداردها، کدها
کار با سیستم های کنترل منطقی قابل برنامه ریزی
فعالیت به عنوان عضوی از یک تیم حرفه ای در انجام فعالیت های مهندسی
برنامه نویسی سیستم های مانیتورینگ صنعتی ( HMI)",ایریسا,https://karboom.io/jobs/rxgjgo/%D8%A8%D8%B1%D9%86%D8%A7%D9%85%D9%87-%D9%86%D9%88%DB%8C%D8%B3-plc-dcs,,karboom,امروز,اصفهان
استخدام کارشناس پایگاه داده,"نصب، راه اندازی، پشتیبانی و مدیریت پایگاه های داده
نقش های تخصصی

تعیین نیازهای پایگاه داده
طراحی پایگاه داده
ایجاد پایگاه داده
استفاده از زبان ساختارمند پرسش‌ها
پیکربندی و نگهداشت پایگاه داده
پشتیبان گیری از پایگاه داده
پایش و مدیریت پایگاه داده
بررسی و به روز رسانی برنامه های اقتضایی و بازیابی فاجعه
بروزرسانی و ارتقای پایگاه داده
شناسایی و حل مشکلات متداول عملکرد پایگاه داده
نوشتن اسکریپت برای برنامه‌های نرم افزاری
بهینه سازی و پایش عملکرد سیستم
پیکربندی و رفع عیب نرم افزار سیستم عامل
ارائه مشاوره به همکاران و مشتریان
تولید و بروزرسانی مستندات

مدارک و مدارج حرفه ای( داشتن این مدارک مزیت محسوب می گردد)

لینوکس، اوراکل در زمینه پایگاه داده",ایریسا,https://karboom.io/jobs/wllynq/%DA%A9%D8%A7%D8%B1%D8%B4%D9%86%D8%A7%D8%B3-%D9%BE%D8%A7%DB%8C%DA%AF%D8%A7%D9%87-%D8%AF%D8%A7%D8%AF%D9%87,,karboom,امروز,تهران
استخدام کارشناس برنامه نویسی مایکروسافت Backend,"توسعه ی Backend سامانه های نرم افزاری تحت Web
نقش های تخصصی

اِعمال مهارت‌های زبان شیء‌گرا در سطح متوسط
طراحی پایگاه داده
کسب اطمینان از امنیت وب‌ سایت پویا
توسعه، پیاده سازی و ارزیابی امنیت سیستم و برنامه کاربردی
تست نرم افزار
ایجاد رویه‌های تست وب سایت
رفع عیب و پایش عملکرد نرم‌افزار
تهیه مستندات
شناسایی و ارزیابی فن آوری‌ها و شیوه‌های نوظهور
کار به شکل اثربخش در محیط های چابک
پیاده‌سازی امنیت برای برنامه‌های کاربردی
قدرت تجزیه و تحلیل مسئله و نیازمندی ها
مسئولیت پذیری وتعهد در راستای دستیابی به اهداف تیم",ایریسا,https://karboom.io/jobs/rqngdl/%DA%A9%D8%A7%D8%B1%D8%B4%D9%86%D8%A7%D8%B3-%D8%A8%D8%B1%D9%86%D8%A7%D9%85%D9%87-%D9%86%D9%88%DB%8C%D8%B3%DB%8C-%D9%85%D8%A7%DB%8C%DA%A9%D8%B1%D9%88%D8%B3%D8%A7%D9%81%D8%AA-backend,,karboom,امروز,تهران
استخدام مدیر پخش مکمل ورزشی,1- ارتباط با شرکتهای پخش سراسری دارویی2- مدیریت فروش و موجودی شعب پخش3- ارتباط موثر با پخش و ارائه راهکار جهت افزایش فروش4- مراجعات مستمر به شعب پخش تهران و شهرستان5- تشکیل تیم فارمارپ جهت اخذ سفارش از مشتریان کلیدی6- آشنایی کامل با داروخانه‌های کلیدی فعال در زمینه مکمل ورزشی,هیتکو,https://karboom.io/jobs/realnp/%D9%85%D8%AF%DB%8C%D8%B1-%D9%BE%D8%AE%D8%B4-%D9%85%DA%A9%D9%85%D9%84-%D9%88%D8%B1%D8%B2%D8%B4%DB%8C,,karboom,امروز,تهران
استخدام برنامه نویس وب (Python),,گراف,https://karboom.io/jobs/wkzqxx/%D8%A8%D8%B1%D9%86%D8%A7%D9%85%D9%87-%D9%86%D9%88%DB%8C%D8%B3-%D9%88%D8%A8-python,,karboom,امروز,تهران
استخدام نماینده علمی (مدرپ),معرفی محصولات به پزشکان با مراجعه به مطب ها، بیمارستان ها و دارو خانه هاارائه گزارشات هفتگی و ماهانه - تهیه بازخورد بازار و ارائه گزارش به مدیریت,هیتکو,https://karboom.io/jobs/rybmpa/%D9%86%D9%85%D8%A7%DB%8C%D9%86%D8%AF%D9%87-%D8%B9%D9%84%D9%85%DB%8C-%D9%85%D8%AF%D8%B1%D9%BE,,karboom,امروز,اصفهان
استخدام نماینده علمی (مدرپ),معرفی محصولات به پزشکان با مراجعه به مطب ها، بیمارستان ها و دارو خانه هاارائه گزارشات هفتگی و ماهانه - تهیه بازخورد بازار و ارائه گزارش به مدیریت,هیتکو,https://karboom.io/jobs/wealgp/%D9%86%D9%85%D8%A7%DB%8C%D9%86%D8%AF%D9%87-%D8%B9%D9%84%D9%85%DB%8C-%D9%85%D8%AF%D8%B1%D9%BE,,karboom,امروز,شیراز
استخدام نماینده علمی (مدرپ),معرفی محصولات به پزشکان با مراجعه به مطب ها، بیمارستان ها و دارو خانه هاارائه گزارشات هفتگی و ماهانه - تهیه بازخورد بازار و ارائه گزارش به مدیریت,هیتکو,https://karboom.io/jobs/wqygxb/%D9%86%D9%85%D8%A7%DB%8C%D9%86%D8%AF%D9%87-%D8%B9%D9%84%D9%85%DB%8C-%D9%85%D8%AF%D8%B1%D9%BE,,karboom,امروز,اهواز
استخدام Linux Software Engineer,,گراف,https://karboom.io/jobs/rmpldy/linux-software-engineer,,karboom,امروز,تهران
استخدام راهبر مرکز عملیات امنیت,"نقش های تخصصی
- تحلیل لاگ های امنیتی
- نظارت و مدیریت زیرساخت SIEM
- جمع آوری، تجزیه و تحلیل و تفسیر لاگ ها و رویدادهای امنیتی
- پایش هشدارها و داشبوردهای موجود در SIEM
- پایش داشبوردها و اطلاعات مربوط به وضعیت SIEM
- شناسایی و بررسی رویدادهای امنیت سایبری و موارد مشکوک مشاهده شده
- پاسخگویی به رخدادهای امنیت سایبری
- جرم شناسی دیجیتال (فارنزیک)
- ارائه مشاوره و پشتیبانی فنی در حوزه امنیت
- تهیه مستندات فنی و گزارشات دوره ای و موردی

مدارک و مدارج حرفه ای( داشتن حداقل 2 مدرک الزامی است )
o Security+, CEH
o SANS Sec504, Sec 503
o SANS Sec 511, Sec 555
o SANS For 500, For 508, For 572
o Network+, CCNA Switching/Routing/ Security
o Linux LPIC1, LPIC2",ایریسا,https://karboom.io/jobs/wvkdln/%D8%B1%D8%A7%D9%87%D8%A8%D8%B1-%D9%85%D8%B1%DA%A9%D8%B2-%D8%B9%D9%85%D9%84%DB%8C%D8%A7%D8%AA-%D8%A7%D9%85%D9%86%DB%8C%D8%AA,,karboom,امروز,اصفهان
استخدام نماینده علمی (مدرپ),معرفی محصولات به پزشکان با مراجعه به مطب ها، بیمارستان ها و دارو خانه هاارائه گزارشات هفتگی و ماهانه - تهیه بازخورد بازار و ارائه گزارش به مدیریت,هیتکو,https://karboom.io/jobs/rjlqga/%D9%86%D9%85%D8%A7%DB%8C%D9%86%D8%AF%D9%87-%D8%B9%D9%84%D9%85%DB%8C-%D9%85%D8%AF%D8%B1%D9%BE,,karboom,امروز,مشهد
استخدام نماینده علمی (مدرپ),معرفی محصولات به پزشکان با مراجعه به مطب ها، بیمارستان ها و دارو خانه هاارائه گزارشات هفتگی و ماهانه - تهیه بازخورد بازار و ارائه گزارش به مدیریت,هیتکو,https://karboom.io/jobs/raavxa/%D9%86%D9%85%D8%A7%DB%8C%D9%86%D8%AF%D9%87-%D8%B9%D9%84%D9%85%DB%8C-%D9%85%D8%AF%D8%B1%D9%BE,,karboom,امروز,تهران
استخدام گرافیست,-تسلط کامل به فتوشاپ (photoshop) ، ایلاستریتور (Illustrator) ایندیزاین و افترافکت- آشنا به استراتژی های تولید محتوا و طراحی های استاندارد در شبکه های اجتماعی و وب سایت ها- تسلط کامل به طراحی بسته بندی، لوگو، لیبل، بوشور ، کارت ویزیت-آشنایی کامل با فرآیند چاپ,هیتکو,https://karboom.io/jobs/rdayvz/%DA%AF%D8%B1%D8%A7%D9%81%DB%8C%D8%B3%D8%AA,,karboom,امروز,تهران
استخدام کارشناس عملیات اداری شعب,"در واحد شعب کارگزاری آگاه نیاز به فردی با عنوان کارشناس فروش داریم تا با توانمندی‌ها و تجربیاتی که کسب کرده، برای رسیدن به اهداف تیم همراهی‌مان کند.

پیگیری فرآیند تمدید ملک
به روز رسانی اطلاعات آدرس شعب براساس جابجایی ملک، ادغام، جمع آوری و ارسال فایل به واحد پشتیبانی، سازمان بورس و تیم فناوری اطلاعات
تهیه و تدوین اطلاعات کلیه شعب مانند متراژ، قیمت و ... جهت صدور بیمه نامه آتش سوزی
بررسی درخواست‌های ثبت شده در سامانه تنخواه
استعلام و بررسی فاکتورهای درخواستی شعب
بررسی، تأیید یا رد علی الحساب‌های ثبت شده در سامانه
بررسی و ارسال اقلام تبلیغاتی شعب
پیگیری امور مربوط به همایش‌ها",کارگزاری آگاه,https://karboom.io/jobs/rogkdk/%DA%A9%D8%A7%D8%B1%D8%B4%D9%86%D8%A7%D8%B3-%D8%B9%D9%85%D9%84%DB%8C%D8%A7%D8%AA-%D8%A7%D8%AF%D8%A7%D8%B1%DB%8C-%D8%B4%D8%B9%D8%A8,,karboom,امروز,تهران
استخدام کنترل پروژه,,توسعه و احداث راکتورهای ایران,https://karboom.io/jobs/rkzqex/%DA%A9%D9%86%D8%AA%D8%B1%D9%84-%D9%BE%D8%B1%D9%88%DA%98%D9%87,,karboom,امروز,تهران
استخدام product owner (کرج),,پارس پویش فن آور,https://karboom.io/jobs/wloyyk/product-owner-%DA%A9%D8%B1%D8%AC,,karboom,امروز,تهران
استخدام کارشناس فروش,"توانایی متقاعدسازی مشتریان
پیگیری درخواست‌های مشتریان
فروش نرم‌افزار به همکاران و سازمان‌ها
بازاریابی و یافتن بازارهای جدید برای محصول
آشنایی با ویندوز و نرم‌افزارهای اداری (از قبیل Excel و Word)
ترجیحا تسلط به کسب و کار IT",دیتامون,https://karboom.io/jobs/wmplly/%DA%A9%D8%A7%D8%B1%D8%B4%D9%86%D8%A7%D8%B3-%D9%81%D8%B1%D9%88%D8%B4,,karboom,امروز,قزوین
استخدام کارشناس بازرگانی داخلی,"دارا بودن دانش فرایند خرید و توانایی کار سیستمی
شناخت کافی از بازارهای خرید و تامین کنندگان مرتبط
توانایی مذاکره با تامین کنندگان متناسب با شرایط کاری و مالی شرکت و روابط عمومی بالا
تجربه مناسب در امور بازرگانی داخلی و خرید و پیگیری امور در خارج از سازمان
توانایی و تسلط به کار با سیستم های راهکاران و آفیس به خصوص اکسل",هلدینگ بان,https://karboom.io/jobs/rvkddn/%DA%A9%D8%A7%D8%B1%D8%B4%D9%86%D8%A7%D8%B3-%D8%A8%D8%A7%D8%B2%D8%B1%DA%AF%D8%A7%D9%86%DB%8C-%D8%AF%D8%A7%D8%AE%D9%84%DB%8C,,karboom,امروز,تهران
استخدام کارشناس توسعه سیستم ها و روش ها,"شنایی با استقرار، نگهداشت و بهبود روش ها و دستورالعمل های سیستم تضمین کیفیت
آشنایی با استانداردهای ISO9001:2015 / ISO17020 / ISO17025
شناسایی و مدلسازی فرآیندهای کسب و کار ( BPMN )
آشنایی با نرم افزارهای visual paradigm یا سایر نرم افزارهای مدلسازی
تسلط به ICDL",بازرسی کیفیت و استاندارد ایران,https://karboom.io/jobs/wjlqqa/%DA%A9%D8%A7%D8%B1%D8%B4%D9%86%D8%A7%D8%B3-%D8%AA%D9%88%D8%B3%D8%B9%D9%87-%D8%B3%DB%8C%D8%B3%D8%AA%D9%85-%D9%87%D8%A7-%D9%88-%D8%B1%D9%88%D8%B4-%D9%87%D8%A7,,karboom,امروز,تهران
استخدام مدیر بازرگانی خارجی (صنعت دارو),مدیریت فرایند شناسایی، ارزیابی و انتخاب تأمین کنندگان خارجی- شناسایی ریسک های بازار جهانی با پیش بینی تغییرات قیمت و استفاده از فرصت ها و کنترل ریسک ها- مدیریت و نظارت بر نحوه ی استعلام قیمت ها و انتخاب بهترین فرصت خرید خارجی- مدیریت و نظارت بر خرید اقلام مطابق با آیین نامه معاملات شرکت و دستور کارهای مربوط- مدیریت زمان و حصول اطمینان از تأمین به موقع کالاهای درخواستی- نظارت بر به روزآوری لیست تأمین کنندگان خارجی- ارتباط مستمر با مدیرت درخصوص تهیه گزارش های روزانه- کنترل و پیگیری تمام فعالیت های تجاری (مالی، حمل و نقل، تحویل، کنترل کیفیت، بازخورد)- پیگیری دریافت ضمانت نامه های ارزی و اعتبار اسنادی,هیتکو,https://karboom.io/jobs/wloydk/%D9%85%D8%AF%DB%8C%D8%B1-%D8%A8%D8%A7%D8%B2%D8%B1%DA%AF%D8%A7%D9%86%DB%8C-%D8%AE%D8%A7%D8%B1%D8%AC%DB%8C-%D8%B5%D9%86%D8%B9%D8%AA-%D8%AF%D8%A7%D8%B1%D9%88,,karboom,امروز,تهران
استخدام مدیر برند (مکمل های تغذیه ای و دارویی),توانایی تحلیل بازار و محصولات در زمینه مکملهای موجود در بازار، رصد کردن وضعیت و شناسایی بازارهای مناسب برای ورود.تدوین کمپین های بازاریابی، استراتژی و تاکتیک با همفکری تیم علمی و تیم فروشتمرکز ویژه بر ارائه راهکارها و کمپین های دیجیتال و تدوین استراتژی حضور در رسانه های اجتماعیبرنامه ریزی و طراحی مواد تبلیغاتی بر مبنای پیامهای کلیدی در هر دوره کاریتعیین هدف و نظارت بر فعالیت های تیم فروش برای دستیابی به هدف فروش سالانه.همفکری با تیم فروش و نظارت بر عملکرد کانالهای توزیع و فروشهمفکری با تیم علمی جهت آموزش دوره ای تیم فروشمدیریت کلی برند مکمل و هویت برند شرکت,هیتکو,https://karboom.io/jobs/wybmna/%D9%85%D8%AF%DB%8C%D8%B1-%D8%A8%D8%B1%D9%86%D8%AF-%D9%85%DA%A9%D9%85%D9%84-%D9%87%D8%A7%DB%8C-%D8%AA%D8%BA%D8%B0%DB%8C%D9%87-%D8%A7%DB%8C-%D9%88-%D8%AF%D8%A7%D8%B1%D9%88%DB%8C%DB%8C,,karboom,امروز,تهران
استخدام مسئول فنی  داروساز,مسلط به قوانین و مقررات سازمان غذا و دارومسلط به تهیه CTDنظارت کامل بر رعایت ضوابط و مقررات وزارت بهداشت، درمان و آموزش پزشکینگهداری و آرشیو کلیه اسناد مربوط به نظارت ها، اسناد عدم انطباق مواد و محصولات، آمار ساخت و بسته بندی تحقیق و اثبات انطباق اقدامات انجام شده جهت اخذ مجوز داروتسلط به فرآیند تمدید پروانه دارو,هیتکو,https://karboom.io/jobs/wdaydz/%D9%85%D8%B3%D8%A6%D9%88%D9%84-%D9%81%D9%86%DB%8C-%D8%AF%D8%A7%D8%B1%D9%88%D8%B3%D8%A7%D8%B2,,karboom,امروز,تهران
استخدام طراح سایت وردپرس,"مهارت های لازم:

تسلط کامل به WordPress
تسلط کامل به افزونه ها
تسط کامل به سایت های چند زبانه
آشنایی با سی پنل و دایرکت ادمین
آشنایی با قالب های مختلف وردپرس
تسلط کامل به المنتور و پیاده سازی طرح در آن
توانایی عیب یابی و رفع مشکلات فنی
توانایی کار با فتوشاپ


شرح وظایف:

طراحی سایت های مختلف با وردپرس (فروشگاهی ،شرکتی ، آموزشی و...)
عیب یابی و رفع مشکلات وبسایت ها



اطلاعات تکمیلی :

محل شرکت همدان ( نزدیک آرامگاه ) می باشد.
امکان انجام کار به صورت دورکاری نیست",آیکو وب,https://karboom.io/jobs/wnkzpx/%D8%B7%D8%B1%D8%A7%D8%AD-%D8%B3%D8%A7%DB%8C%D8%AA-%D9%88%D8%B1%D8%AF%D9%BE%D8%B1%D8%B3,,karboom,امروز,همدان
استخدام ویزیتور/سوپروایزر/میکس رپ آرایشی بهداشتی,,زیبا سلامت تندیس ارجان,https://karboom.io/jobs/wgkvvd/%D9%88%DB%8C%D8%B2%DB%8C%D8%AA%D9%88%D8%B1-%D8%B3%D9%88%D9%BE%D8%B1%D9%88%D8%A7%DB%8C%D8%B2%D8%B1-%D9%85%DB%8C%DA%A9%D8%B3-%D8%B1%D9%BE-%D8%A2%D8%B1%D8%A7%DB%8C%D8%B4%DB%8C-%D8%A8%D9%87%D8%AF%D8%A7%D8%B4%D8%AA%DB%8C,,karboom,امروز,اهواز
استخدام گرافیست,"عکاسی کردن از محصولات
طراحی کردن برای پروژه های مربوط به سازمان ( صنعت لوستر و روشنایی )
ساختن ویدئو های خلاقانه برای شبکه های اجتماعی
آشنایی با رفتار های سازمانی",دپارتمان نورتابان,https://karboom.io/jobs/wzxjme/%DA%AF%D8%B1%D8%A7%D9%81%DB%8C%D8%B3%D8%AA,,karboom,امروز,تهران
استخدام سرپرست مشاوران و مدرپ ها,مسئول بررسی گزارشات مشاوران و مدرپ هاتوانایی ایجاد ارتباط موثر با شرکت های توزیع کننده بررسی عملکرد و گزارشات تیم مدرپ ها و عملکرد مناطق همراهی جهت ویزیت پزشکان خاص برنامه ریزی ویزیت شخصی پزشکان منتخب هماهنگی و برنامه ریزی ویزیت مدرپ ها و مشاوران برگزاری کلاس های آموزشی برای مدرپ ها و مشاوران استخراج اطلاعات پزشکان و داروخانه ها جهت برنامه ریزی بهتر تیم علمی ارائه گزارش منظم به مدیر مربوطهانجام امور محوله مرتبط با فروش و بازاریابی مهارت حل مسئله و مدیریت زماندانش محصول و درک بازار توانمند در کار تیمی,هیتکو,https://karboom.io/jobs/rzbzyo/%D8%B3%D8%B1%D9%BE%D8%B1%D8%B3%D8%AA-%D9%85%D8%B4%D8%A7%D9%88%D8%B1%D8%A7%D9%86-%D9%88-%D9%85%D8%AF%D8%B1%D9%BE-%D9%87%D8%A7,,karboom,امروز,تهران
استخدام کارشناس لجستیک,"برنامه ریزی ومسیربندی به بهینه ترین حالت
تهیه وتنظیم گزارشهای روزانه ارسال به صورت روزانه وماهانه












همکاری باواحدهای ذی نفع مانندبازرگانی وچاپ برای اطمینان از عملکرد یکپارچه












رفع مغایرت احتمالی سفارشهای ارسالی ازانباروپیمانکارها",هلدینگ بان,https://karboom.io/jobs/wybmea/%DA%A9%D8%A7%D8%B1%D8%B4%D9%86%D8%A7%D8%B3-%D9%84%D8%AC%D8%B3%D8%AA%DB%8C%DA%A9,,karboom,امروز,تهران
استخدام کارشناس فروش B2B,"مذاکره، برقراری ارتباط موثر و متقاعدسازی و مهارت در مذاکرات تلفنی
ثبت و گزارش گیری فعالیت های روزانه در CRM
شناسایی لید‌های بالقوه و ارتباط با آن‌ها
آشنا با فرآیند بازاریابی
مسلط به تکنیک های فروش سازمانی B2B
توانایی ایجاد خلق ایده های جدید برای افزایش سهم بازار
آشنایی با استراتژی ها و روشهای تحلیل و پیش بینی بازار، رقبا و محصولات
آشنا با محصولات فناوری اطلاعات به خصوص محصولات ذخیره سازی و امنیت",iCTN,https://karboom.io/jobs/rgkvbk/%DA%A9%D8%A7%D8%B1%D8%B4%D9%86%D8%A7%D8%B3-%D9%81%D8%B1%D9%88%D8%B4-b2b,,karboom,فوری,تهران
استخدام کارشناس اجرایی اخذ رتبه بندی شرکت های انفورماتیک و پیمانکاری,"انجام امور اجرایی رتبه‌بندی شرکت‌های انفورماتیک و پیمانکاری در سایت سازمان برنامه و بودجه کشور
انجام امور ثبت شرکت‌ها و ثبت تغییرات
اخذ گواهینامه صلاحیت ایمنی پیمانکاران HSE
اخذ گواهینامه اداره کار
آشنایی کامل به سامانه ساجات و آیین‌نامه‌ها
ترجیحا بین 20 تا 40 سال
داشتن یک سال سابقه در زمینه رتبه‌بندی الزامی است
دارای روحیه کار تیمی بالا و با انگیزه
روابط عمومی بالا و انضباط کاری
منظم، متعهد و وظیفه‌شناس",ثبت آسیا,https://karboom.io/jobs/realep/%DA%A9%D8%A7%D8%B1%D8%B4%D9%86%D8%A7%D8%B3-%D8%A7%D8%AC%D8%B1%D8%A7%DB%8C%DB%8C-%D8%A7%D8%AE%D8%B0-%D8%B1%D8%AA%D8%A8%D9%87-%D8%A8%D9%86%D8%AF%DB%8C-%D8%B4%D8%B1%DA%A9%D8%AA-%D9%87%D8%A7%DB%8C-%D8%A7%D9%86%D9%81%D9%88%D8%B1%D9%85%D8%A7%D8%AA%DB%8C%DA%A9-%D9%88-%D9%BE%DB%8C%D9%85%D8%A7%D9%86%DA%A9%D8%A7%D8%B1%DB%8C,,karboom,امروز,تهران
استخدام کارشناس طراحی فیبر نوری,"طراحی و ترسیم نقشه های زیرساخت فیبر نوری در لایه های مختلف شامل نقشه های کابلی و کانالی و عمرانی و ...1
طراحی و ترسیم نقشه های FTTH
تهیه دستورالعمل های مورد نیاز پروژه و مستندات مورد نیاز
تهیه نقشه های ازبیلت پروژه
تهیه نقشه های فیوژن پلن",توسعه فناوری ارتباطات پاسارگاد آریان (فناپ تلکام),https://karboom.io/jobs/rpyepy/%DA%A9%D8%A7%D8%B1%D8%B4%D9%86%D8%A7%D8%B3-%D8%B7%D8%B1%D8%A7%D8%AD%DB%8C-%D9%81%DB%8C%D8%A8%D8%B1-%D9%86%D9%88%D8%B1%DB%8C,,karboom,امروز,تهران
استخدام پیگیری امور بیماران,"برقرای ارتباط با بیماران شاکی
پیگیری شکایات با مسئولین مرتبط با موضوع مطروحه
ارائه نتیجه شکایت با شاکی
برخوردار از مهارت های ارتباط با مشتری(CRM)
برخوردار از مهارت گزارش نویسی
برخوردار از مهارت نامه نگاری",بیمارستان قلب کوثر شیراز,https://karboom.io/jobs/rvkdqn/%D9%BE%DB%8C%DA%AF%DB%8C%D8%B1%DB%8C-%D8%A7%D9%85%D9%88%D8%B1-%D8%A8%DB%8C%D9%85%D8%A7%D8%B1%D8%A7%D9%86,,karboom,امروز,شیراز
استخدام مدیر یا مسئول فروش,بررسی استعلامات و مناقصات روز و ارائه قیمت به آنها - ایجاد تعامل مستمر با مشتریان - طراحی و ایجاد پروژه های مرتبط - اخذ قیمت بروز محصولات - یافتن معتبر ترین و مناسب ترین تامین کنندگان در حوزه فعالیت شرکت - ساعت کاری شرکت از 8 الی 16 می باشد.,وطن نت آذربایجان,https://karboom.io/jobs/wdaygz/%D9%85%D8%AF%DB%8C%D8%B1-%DB%8C%D8%A7-%D9%85%D8%B3%D8%A6%D9%88%D9%84-%D9%81%D8%B1%D9%88%D8%B4,,karboom,امروز,ارومیه
استخدام سرپرست فروش مویرگی,"انجام امور جاری و عملیاتی فروش و توزیع دفتر فروش
انجام عملیات فروش در قالب قرارداد هیبرید
مدیریت تیم فروش
مشارکت در جذب و ساماندهی تیم فروش
تهیه گزارشات فروش و توزیع و ارائه به مدیریت
کنترل هزینه های شعبه در چارچوب سیاست گذاری اولیه
اجرای برنامه های فروش شعبه
تعامل سازنده با نماینده فروش",آیسان تکنام پویا,https://karboom.io/jobs/rgkzbk/%D8%B3%D8%B1%D9%BE%D8%B1%D8%B3%D8%AA-%D9%81%D8%B1%D9%88%D8%B4-%D9%85%D9%88%DB%8C%D8%B1%DA%AF%DB%8C,,karboom,امروز,قم
استخدام کارشناس کیفیت مرکز تماس,"تسلط کامل به نرم افزار آفیس به ویژه اکسل
آشنا به مسائل آماری
آشنایی با نرم افزارspss یا MiniTab
آشنایی با مفاهیم کنترل کیفیت آماری و مفاهیم نظرسنجی و تحقیقات بازار",بازرسی کیفیت و استاندارد ایران,https://karboom.io/jobs/rbavxm/%DA%A9%D8%A7%D8%B1%D8%B4%D9%86%D8%A7%D8%B3-%DA%A9%DB%8C%D9%81%DB%8C%D8%AA-%D9%85%D8%B1%DA%A9%D8%B2-%D8%AA%D9%85%D8%A7%D8%B3,,karboom,امروز,تهران
استخدام کارشناس ارتقاء خدمات,"تسلط کامل به نرم افزار های آفیس به ویژه اکسل
توانایی حل مسئله و مهارت های تحلیلی قوی
تسلط به نرم افزار spss و مباحث آماری
آشنایی با power BI و تبدیل داده های پیچیده به اطلاعات قابل فهم
آشنایی با مفاهیم تحلیل داده و تحقیقات بازار",بازرسی کیفیت و استاندارد ایران,https://karboom.io/jobs/wxbyqj/%DA%A9%D8%A7%D8%B1%D8%B4%D9%86%D8%A7%D8%B3-%D8%A7%D8%B1%D8%AA%D9%82%D8%A7%D8%A1-%D8%AE%D8%AF%D9%85%D8%A7%D8%AA,,karboom,امروز,تهران
استخدام مدیر داخلی,"اداره فیزیکی دفتر کار - برقراری تماس با هنرجو ها- ثبت اطلاعاتشون و امور کارییشون-انجام دهنده کارهای ثبت نام -کنسلی-نظر سنجی -پذیرایی از میهمانان و مخاطبهای ویژه







ثبت حضور غیاب- برخورد خوب و پرزنت کردن مجموعه برای مخاطبین- یاداوری و پیگیری کردن کارهای مدیر - بررسی کردن محیط فیزیکی و امکانات سنجی و ....

ساعت کاری اصلی ۱۳تا۲۱ یا ۱۲تا ۲۰ ممکنه متغییر باشه بر اساس کلاس ها

ساعت اضافه کاری در روزهای تعطیل پیش میاد یا بعضی از صبح ها قبل از شروع بابت اماده سازی

شروع و پایان روز کاری مجموعه با شماست. کلید بعداز قرارداد و صلاح دید مدیر دست شماست و مسئولیت ورود و خروج ها و مدیریت دفتر با شماست",مدرسه موسیقی DOFAMIN,https://karboom.io/jobs/rogkok/%D9%85%D8%AF%DB%8C%D8%B1-%D8%AF%D8%A7%D8%AE%D9%84%DB%8C,,karboom,امروز,کرج
استخدام کارشناس فروش,"شرح شغل
- کارشناس فروش آسانسور
- حداقل سه سال سابقۀ کاری فروش.
- سن : حداکثر 35 سال
تحصیلات مورد نیاز: حداقل فوق دیپلم",صدرا صنعت آسانبر,https://karboom.io/jobs/rkzqmx/%DA%A9%D8%A7%D8%B1%D8%B4%D9%86%D8%A7%D8%B3-%D9%81%D8%B1%D9%88%D8%B4,,karboom,امروز,تهران
استخدام سرپرست حسابداری خرید خارجی,"کنترل و ثبت اسناد صادرات و واردات و تطابق با زیرسیستم های مرتبط
کنترل و ردیابی امور صادرات و واردات از سامانه های مربوطه
پیگیری امور مربوط به بیمه نامه ها، اظهارنامه ها، ضمانت نامه ها، خرید و رفع تعهد ارزی
کنترل و مغایرت گیری حساب مربوط به ترخیصکاران و حساب ارزی تأمین کنندگان
پیگیری امور مربوط به تأمین اجتماعی و پیمانکاران
انجام امور مربوط به بهای تمام شده سفارشات
انجام امور مربوط به معاملات فصلی، ارزش افزوده و بستن حساب های مالی
تهیه گزارش های مدیریتی",طبیعت سبز پارس کهن,https://karboom.io/jobs/rpmgkq/%D8%B3%D8%B1%D9%BE%D8%B1%D8%B3%D8%AA-%D8%AD%D8%B3%D8%A7%D8%A8%D8%AF%D8%A7%D8%B1%DB%8C-%D8%AE%D8%B1%DB%8C%D8%AF-%D8%AE%D8%A7%D8%B1%D8%AC%DB%8C,,karboom,امروز,تهران
استخدام مهندس مواد و متالوژی گرایش سرامیک,یک واحد صنعتی در حوزه سرامیک جهت تکمیل کادر خود در خط تولید و واحد فنی مهندسی به افراد متخصص و واجد شرایط در حوزه سرامیک با حداقل 3 سال سابقه کار در این حوزه نیازمند است .,شرکت جهش آفرینان مبدل پارس,https://karboom.io/jobs/wogkkk/%D9%85%D9%87%D9%86%D8%AF%D8%B3-%D9%85%D9%88%D8%A7%D8%AF-%D9%88-%D9%85%D8%AA%D8%A7%D9%84%D9%88%DA%98%DB%8C-%DA%AF%D8%B1%D8%A7%DB%8C%D8%B4-%D8%B3%D8%B1%D8%A7%D9%85%DB%8C%DA%A9,,karboom,امروز,تهران
استخدام کارشناس فروش و توسعه,"در شعب تهران کارگزاری آگاه نیاز به فردی با عنوانکارشناس فروشداریم تا با توانمندی‌ها و تجربیاتی که کسب کرده، برای رسیدن به اهداف تیم همراهی‌مان کند.شرح وظایف و مسئولیت ها:

شناسایی بازار هدف و مشتریان بالقوه
ارائه مشاوره در مورد انواع محصولات و خدمات مالی
حفظ ارتباط موثر با مشتریان جهت افزایش رضایتمندی و نگهداشت مشتریان
برگزاری و شرکت در جلسات جهت ارائه گزارشات و بازخورد به صورت مستمر 
ارتباط با مشتریان جهت معرفی خدمات / محصولات سازمان و پیگیری تا حصول نتیجه",کارگزاری آگاه,https://karboom.io/jobs/wkzqlx/%DA%A9%D8%A7%D8%B1%D8%B4%D9%86%D8%A7%D8%B3-%D9%81%D8%B1%D9%88%D8%B4-%D9%88-%D8%AA%D9%88%D8%B3%D8%B9%D9%87,,karboom,امروز,مهاباد
استخدام نماینده علمی (مدرپ),معرفی محصولات به پزشکان با مراجعه به مطب ها، بیمارستان ها و دارو خانه هاارائه گزارشات هفتگی و ماهانه - تهیه بازخورد بازار و ارائه گزارش به مدیریت,هیتکو,https://karboom.io/jobs/wpmgdq/%D9%86%D9%85%D8%A7%DB%8C%D9%86%D8%AF%D9%87-%D8%B9%D9%84%D9%85%DB%8C-%D9%85%D8%AF%D8%B1%D9%BE,,karboom,امروز,تبریز
استخدام کارشناس شبکه و امنیت,"تهیه لیست اقلام تجهیزات شبکه و امنیت شبکه
نصب، راه اندازی و توسعه تجهیزات و پلتفرم های شبکه و امنیت شبکه
پشتیبانی، عیب یابی و رفع ایرادات تجهیزات و پلتفرم های شبکه و امنیت شبکه
تجزیه و تحلیل جریان های ترافیکی شبکه و ارتباطات
مستند سازی شبکه از قبیل تهیه مستند وضعیت موجود و ترسیم دیاگرام ها
تهیه گزارشات از وضعیت زیرساخت شبکه از دیدگاه امنیتی
مطالعه و پیاده سازی راهکار های جدید در حوزه زیرساخت و یا بهبود شرایط زیرساخت فعلی
برقراری امنیت زیرساخت شبکه با بهره گیری از ابزار ها و راهکار های نوین
همکاری موثر برای ارائه بهترین محصولات و خدمات مطابق با چشم انداز و ماموریت های شرکت·",افق داده ها ایرانیان,https://karboom.io/jobs/reallp/%DA%A9%D8%A7%D8%B1%D8%B4%D9%86%D8%A7%D8%B3-%D8%B4%D8%A8%DA%A9%D9%87-%D9%88-%D8%A7%D9%85%D9%86%DB%8C%D8%AA,,karboom,امروز,تهران
استخدام کارشناس تولید محتوا,"مطالعه، استخراج و خلق محتوای مناسب از منابع و موضوعات مشخص شده برای شبکه های اجتماعی
نگارش و ویرایش محتوا (عکس، ویدئو، متن) با توجه به تقویم محتوایی مجموعه برای وب سایت
ارائه گزارش هفتگی و ماهیانه از عملکرد
تحقیق در زمینه‌های مرتبط با صنعت
تهیه پیش‌نویس‌های ساختاری خوب با استفاده از پلتفرم‌های انتشار دیجیتال
نوشتن محتوای بازاریابی و تبلیغاتی، به‌منظور تبلیغ شرکت و محصولات
ویرایش محتواهای نوشته‌شده پیش از انتشارشان
نوشتن محتوا در شبکه‌های اجتماعی و نظارت و پیگیری بازخوردهای آن، مانند کامنت و اشتراک‌گذاری
همکاری و هماهنگی با تیم فنی و بازاریابی برای تهیه و اصلاح محتواها",افق داده ها ایرانیان,https://karboom.io/jobs/wkzqqx/%DA%A9%D8%A7%D8%B1%D8%B4%D9%86%D8%A7%D8%B3-%D8%AA%D9%88%D9%84%DB%8C%D8%AF-%D9%85%D8%AD%D8%AA%D9%88%D8%A7,,karboom,امروز,تهران
استخدام کارشناس سرور و ذخیره سازی,"تهیه لیست اقلام تجهیزات سرور،‌ ذخیره ساز، SAN Switch و ابزارهای پشتیبان گیری
نصب، راه اندازی و توسعه زیرساخت مجازی مبتنی بر VMware ، Hyper-V
پشتیبانی، رفع ایرادات و مستند سازی زیرساخت مجازی مبتنی بر VMware ، Hyper-V
نصب، راه اندازی و توسعه زیرساخت ذخیره سازها و SAN Switch
پشتیبانی، رفع ایرادات و مستند سازی زیرساخت ذخیره سازها و SAN Switch
نصب، راه اندازی و توسعه راهکارهای پشتیبان گیری داده
پشتیبانی، رفع ایرادات و مستند سازی راهکارهای پشتیبان گیری داده
بررسی وضعیت فایل های پشتیبان و در صورت نیاز بازگردانی داده ها یا اجرای مانور (با ابزارهای پشتیبان گیری مانند Veeam, Backup exec)",افق داده ها ایرانیان,https://karboom.io/jobs/wybmma/%DA%A9%D8%A7%D8%B1%D8%B4%D9%86%D8%A7%D8%B3-%D8%B3%D8%B1%D9%88%D8%B1-%D9%88-%D8%B0%D8%AE%DB%8C%D8%B1%D9%87-%D8%B3%D8%A7%D8%B2%DB%8C,,karboom,امروز,تهران
استخدام کارشناس فروش,"ارتباط تلفنی با مشتریان
دریافت نیاز و و ارائه پروپوزال مناسب
جذب مشتریان به جلسه حضوری
پیگیری مراحل کار تا عقد قرارداد
نظارت بر مراحل اجرای کار",کانون ایران نوین,https://karboom.io/jobs/raavda/%DA%A9%D8%A7%D8%B1%D8%B4%D9%86%D8%A7%D8%B3-%D9%81%D8%B1%D9%88%D8%B4,,karboom,امروز,تهران
استخدام کارشناس مسئولیت اجتماعی,"در تیم سرمایه انسانی آگاه نیاز به فردی با عنوان کارشناس مسئولیت اجتماعیداریم تا با تجربیاتی که کسب کرده، برای رسیدن به اهداف سازمان همراهی مان کند.مسئولیت ها:

ارتباط با انجمن ها، سازمان ها وNGO ها
هماهنگی، اجرا و ارزیابی پروژه های مسئولیت اجتماعی
تهیه گزارشات فصلی و سالانه از روند پروژه و خروجی ها
پیگیری درخواست های مشارکت و برنامه های حمایت مالی",کارگزاری آگاه,https://karboom.io/jobs/wogkqk/%DA%A9%D8%A7%D8%B1%D8%B4%D9%86%D8%A7%D8%B3-%D9%85%D8%B3%D8%A6%D9%88%D9%84%DB%8C%D8%AA-%D8%A7%D8%AC%D8%AA%D9%85%D8%A7%D8%B9%DB%8C,,karboom,امروز,تهران
استخدام مسئول دفتر,"یک شرکت فعال در زمینه تجهیزات پزشکی جهت تکمیل کادر اداری خود از میان فارغ التحصیلان دانشگاه های معتبر نیروی جوان و کارآمد استخدام می کند.
متقاضیان خانمی که دارای روحیه کار گروهی و روابط عمومی بالا و مسلط به نرم افزار آفیس، توانایی مکالمه و پاسخگویی تلفنی به زبان انگلیسی و تایپ بوده جهت امور اداری می توانند رزومه خود را ارسال نمایند.بازه سنی:بین 22 تا 35ساعات کاری:شنبه تا چهارشنبه : 8 الی 16پنج شنبه ها: 8 الی 12:30آدرس: میدان آرژانتین- خیابان الوند",مهندسی مطلب عارفان,https://karboom.io/jobs/wzbzqo/%D9%85%D8%B3%D8%A6%D9%88%D9%84-%D8%AF%D9%81%D8%AA%D8%B1,,karboom,امروز,تهران
استخدام کارشناس شبکه های اجتماعی,توانایی تولید محتوابررسی و مطالعه ترندهاآشنائی با مفاهیم کپی رایتینگبنچ مارک بیزینس‌های مرتبط در سوشال مدیاتسلط بر ویدئو مارکتینگ و تولید خروجی ‌های آموزشی از طریق ویدئوپاسخگوئی به سوالات در شبکه های اجتماعیتسلط بر هشتگ گذاری و آنالیز آنها,هیتکو,https://karboom.io/jobs/rdaykz/%DA%A9%D8%A7%D8%B1%D8%B4%D9%86%D8%A7%D8%B3-%D8%B4%D8%A8%DA%A9%D9%87-%D9%87%D8%A7%DB%8C-%D8%A7%D8%AC%D8%AA%D9%85%D8%A7%D8%B9%DB%8C,,karboom,امروز,تهران
استخدام مدیر فروش به پخش های سراسری دارویی,1- ارتباط با شرکتهای پخش سراسری دارویی2- مدیریت فروش و موجودی شعب پخش3- ارتباط موثر با پخش و ارائه راهکار جهت افزایش فروش4- ارتباط با واحد بازرگانی و فروش پخش در دفتر مرکزی5- مراجعات مستمر به شعب پخش تهران و شهرستان6- رابط تیم مارکتینگ و پخش,هیتکو,https://karboom.io/jobs/rjlqxa/%D9%85%D8%AF%DB%8C%D8%B1-%D9%81%D8%B1%D9%88%D8%B4-%D8%A8%D9%87-%D9%BE%D8%AE%D8%B4-%D9%87%D8%A7%DB%8C-%D8%B3%D8%B1%D8%A7%D8%B3%D8%B1%DB%8C-%D8%AF%D8%A7%D8%B1%D9%88%DB%8C%DB%8C,,karboom,امروز,تهران
استخدام مدیر مشتریان کلیدی ( زمینه دارو مکمل),1- راه اندازی تیم فارماپ جهت ویزیت داروخانه kol2- مذاکره و اخذ سفارش مستقیم از داروخانه های kol3- آشنایی با داروخانه های مهم استان تهران و شهرستان4- انجام فعالیتهای مارکتینگی در محیط داروخانه ها5- درک کامل نیاز مشتریان کلیدی و برقراری ارتباط سازنده,هیتکو,https://karboom.io/jobs/wvkdpn/%D9%85%D8%AF%DB%8C%D8%B1-%D9%85%D8%B4%D8%AA%D8%B1%DB%8C%D8%A7%D9%86-%DA%A9%D9%84%DB%8C%D8%AF%DB%8C-%D8%B2%D9%85%DB%8C%D9%86%D9%87-%D8%AF%D8%A7%D8%B1%D9%88-%D9%85%DA%A9%D9%85%D9%84,,karboom,امروز,تهران
استخدام کارشناس بازرگانی خارجی (حوزه تجهیزات پزشکی),"حداقل سه سال سابقه کاری مفیدتسلط کامل به فرآیند خرید خارجی (ثبت سفارش ، ثبت و دریافت مجوزهای لازم،تخصیص ارز و حواله)تسلط کامل به فرآیندهای ثبت نمایندگی ، ثبت کالا و اخذ IRC و ...تسلط کامل بر سامانه‌های imed ,TTac, ثبت توزیع و جامع تجارت و انبار و ....آشنایی با روند بازرسی و استاندارد اجباریآشنا با رویه‌های حمل و نقل و ترخیص کالا",هیتکو,https://karboom.io/jobs/rmploy/%DA%A9%D8%A7%D8%B1%D8%B4%D9%86%D8%A7%D8%B3-%D8%A8%D8%A7%D8%B2%D8%B1%DA%AF%D8%A7%D9%86%DB%8C-%D8%AE%D8%A7%D8%B1%D8%AC%DB%8C-%D8%AD%D9%88%D8%B2%D9%87-%D8%AA%D8%AC%D9%87%DB%8C%D8%B2%D8%A7%D8%AA-%D9%BE%D8%B2%D8%B4%DA%A9%DB%8C,,karboom,امروز,تهران
استخدام مالک محصول (Product Owner),,گراف,https://karboom.io/jobs/wealqp/%D9%85%D8%A7%D9%84%DA%A9-%D9%85%D8%AD%D8%B5%D9%88%D9%84-product-owner,,karboom,امروز,تهران
استخدام مشاوره پوست و مو,حضور در داروخانه و گالری های لوازم آرایشی به منظور ارائه مشاوره در رابطه با محصولات شرکت,هیتکو,https://karboom.io/jobs/wbavqm/%D9%85%D8%B4%D8%A7%D9%88%D8%B1%D9%87-%D9%BE%D9%88%D8%B3%D8%AA-%D9%88-%D9%85%D9%88,,karboom,امروز,تهران
